,0,1,3
0,Circuito de Treinamentos e Webinars CSA e Somar,14 de abril de 2020,http://www.csa-ma.com.br/wp-content/uploads/2020/04/Webinars-WK-e-Somar_site-270x230.png
1,Pacote Anticrise – CSA Consultoria,30 de março de 2020,http://www.csa-ma.com.br/wp-content/uploads/2020/03/cabeça-landing-page-Pacote-anticrise-CSA-270x230.png
2,Controlar benefícios em planilha? Tô fora!,20 de agosto de 2019,http://www.csa-ma.com.br/wp-content/uploads/2019/08/Capa-Benefícios-270x230.png
3,Vaga de Estágio – SDR (sales development representative),29 de julho de 2019,http://www.csa-ma.com.br/wp-content/uploads/2019/07/Vaga-SDR-CAPA-270x230.jpg
4,o eSocial vai acabar ? FATO ou FAKE ?,19 de julho de 2019,http://www.csa-ma.com.br/wp-content/uploads/2019/07/capa-eSocial-novas-diretrizes-270x230.png
5,A importância dos dados para estratégias de gestão,27 de maio de 2019,http://www.csa-ma.com.br/wp-content/uploads/2019/05/Capa-Gestão-de-dados-270x230.png
6,EFD-REINF: Como vai funcionar e qual setor é responsável pela entrega?,23 de abril de 2019,http://www.csa-ma.com.br/wp-content/uploads/2019/04/capa-EFD-REINF-blog-270x230.png
7,O que esperar do SST para o eSocial ?,12 de fevereiro de 2019,http://www.csa-ma.com.br/wp-content/uploads/2019/02/Post-SST-esocial-capapng-270x230.png
8,eSocial – Entenda todas as mudanças e se adeque!,22 de novembro de 2018,http://www.csa-ma.com.br/wp-content/uploads/2018/11/Capa-eSocial-270x230.jpg
9,DCTF Web: Entenda o que é e sua relação com eSocial e EFD REINF.,26 de setembro de 2018,http://www.csa-ma.com.br/wp-content/uploads/2018/09/dctf-web-capa--270x230.png
10,eSocial – Quais as vantagens para o empregador?,20 de novembro de 2017,http://www.csa-ma.com.br/wp-content/uploads/2017/11/eSocial-blog-2-270x230.png
11,COMUNICADO DE DESLIGAMENTO,1 de novembro de 2017,http://www.csa-ma.com.br/wp-content/uploads/2017/11/Comunicado-de-desligamento-270x230.png
12,EXAMES TOXICOLÓGICOS PASSAM A SER EXIGÊNCIA PARA MOTORISTAS PROFISSIONAIS,27 de outubro de 2017,http://www.csa-ma.com.br/wp-content/uploads/2017/10/exames-toxicológicos-270x230.png
13,Como recuperar o cliente insatisfeito? 4 passos para restabelecer a confiança,22 de setembro de 2017,http://www.csa-ma.com.br/wp-content/uploads/2017/09/Cliente-insatisfeito-270x230.png
14,Nova lei trabalhista: o que muda na prática,15 de setembro de 2017,http://www.csa-ma.com.br/wp-content/uploads/2017/09/refroma-trabalhista-270x230.png
15,Dia do Cliente,15 de setembro de 2017,Sem imagem
16,Três dicas para manter a saúde das empresas em tempo de recessão,25 de agosto de 2017,http://www.csa-ma.com.br/wp-content/uploads/2017/08/3-dicas-270x230.png
17,Três exigências legais que a sua empresa precisa estar atenta agora,26 de julho de 2017,http://www.csa-ma.com.br/wp-content/uploads/2017/07/Exigencias-legais-270x230.jpg
18,4 dificuldades comuns a gestores de pequenas empresas,21 de julho de 2017,http://www.csa-ma.com.br/wp-content/uploads/2017/07/4-DIFICULDADES.jpg-2-270x230.jpg
19,Dicas para empreender com êxito,14 de julho de 2017,http://www.csa-ma.com.br/wp-content/uploads/2017/07/empreender-2-270x230.png
20,"Prepare-se, a EFD-REINF já é oficial!",14 de junho de 2017,http://www.csa-ma.com.br/wp-content/uploads/2017/06/REINF.jpg-270x185.png
21,Feliz Aniversário CSA!!!,24 de abril de 2017,http://www.csa-ma.com.br/wp-content/uploads/2017/04/site-270x230.jpg
22,Caixa divulga cronograma e aprova versão 2.2.01 do Leiaute do eSocial,18 de abril de 2017,http://www.csa-ma.com.br/wp-content/uploads/2016/08/e-social-270x230.png
23,Caixa divulga cronograma e aprova versão 2.2.01 do Leiaute do eSocial,18 de abril de 2017,Sem imagem
24,FELIZ PÁSCOA!,14 de abril de 2017,http://www.csa-ma.com.br/wp-content/uploads/2017/04/Pascoa-2017-270x230.png
25,OS 10 PRINCIPAIS MOTIVOS QUE LEVAM UMA EMPRESA A FALENCIA,12 de abril de 2017,http://www.csa-ma.com.br/wp-content/uploads/2017/04/falencia-270x230.png
26,Como ter sucesso em vendas em tempos cada vez mais competitivos?,22 de março de 2017,http://www.csa-ma.com.br/wp-content/uploads/2017/02/vendas-mundo-competitivo-270x230.png
27,Conduta de negócios: a importância da ética dentro da empresa,15 de março de 2017,http://www.csa-ma.com.br/wp-content/uploads/2017/02/etica-270x230.png
28,Qual é o futuro do atendimento ao cliente?,8 de março de 2017,http://www.csa-ma.com.br/wp-content/uploads/2017/02/atendmento-ao-cliente-270x230.png
29,EFD: Guarda das informações,1 de março de 2017,http://www.csa-ma.com.br/wp-content/uploads/2017/02/efd-contribuicoes-270x230.png
30,Como realizar uma venda perfeita?,17 de fevereiro de 2017,http://www.csa-ma.com.br/wp-content/uploads/2017/02/VENDEDORES1-270x230.png
31,5 razões para acreditar que 2017 será o ano da retomada,15 de fevereiro de 2017,http://www.csa-ma.com.br/wp-content/uploads/2017/02/ano-de-retomada-270x230.png
32,A importância dos controles internos,10 de fevereiro de 2017,http://www.csa-ma.com.br/wp-content/uploads/2017/02/controle-interno-270x230.png
33,PORQUE MIGRAR PARA NUVEM EM 2017,1 de fevereiro de 2017,http://www.csa-ma.com.br/wp-content/uploads/2017/02/cloud-270x230.png
34,PORQUE MIGRAR PARA NUVEM EM 2017?,1 de fevereiro de 2017,http://www.csa-ma.com.br/wp-content/uploads/2017/02/cloud-270x230.png
35,5 dicas para turbinar a motivação de seus profissionais em 2017,13 de janeiro de 2017,http://www.csa-ma.com.br/wp-content/uploads/2017/01/motivação-270x230.png
36,Receita Federal disciplina forma de apresentação da Dirf,6 de janeiro de 2017,http://www.csa-ma.com.br/wp-content/uploads/2017/01/dirf-2017-270x230.jpg
37,Bloco K – Alterado o calendário de início da obrigatoriedade,28 de dezembro de 2016,http://www.csa-ma.com.br/wp-content/uploads/2016/12/bloco-k-270x230.jpg
38,Feliz Natal e um próspero Ano Novo!!!,23 de dezembro de 2016,http://www.csa-ma.com.br/wp-content/uploads/2016/12/Natal-2016-site-270x230.jpg
39,Comunicado – Expediente CSA Modificado,22 de dezembro de 2016,http://www.csa-ma.com.br/wp-content/uploads/2015/08/Comunicado-CSA-270x230.png
40,5 motivos para automatizar a gestão de notas fiscais eletrônicas,19 de dezembro de 2016,http://www.csa-ma.com.br/wp-content/uploads/2016/12/nf-e-270x230.jpg
41,5 motivos para automatizar a gestão de notas fiscais eletrônicas,16 de dezembro de 2016,Sem imagem
42,Comunicado!,7 de dezembro de 2016,http://www.csa-ma.com.br/wp-content/uploads/2015/08/Comunicado-CSA-270x230.png
43,8 dicas práticas para o empreendedor planejar bem 2017,1 de dezembro de 2016,http://www.csa-ma.com.br/wp-content/uploads/2016/11/planejamento-20171-270x230.jpg
44,Quais gestores as empresas querem e precisam no momento?,29 de novembro de 2016,http://www.csa-ma.com.br/wp-content/uploads/2016/11/gestores-270x230.jpg
45,Planejamento: você sabe que rumo tomar em 2017?,23 de novembro de 2016,http://www.csa-ma.com.br/wp-content/uploads/2016/11/rumos-2017-270x230.jpg
46,Normas de contabilidade de pequenas e médias empresas recebem atualização,18 de novembro de 2016,http://www.csa-ma.com.br/wp-content/uploads/2016/11/contabilidade-270x230.jpg
47,PIS e COFINS cumulativo não incidem sobre receita financeira,8 de novembro de 2016,http://www.csa-ma.com.br/wp-content/uploads/2016/11/pis-cofins-270x230.png
48,6 dicas para melhorar sua postura em uma apresentação ou reunião de negócios,4 de novembro de 2016,http://www.csa-ma.com.br/wp-content/uploads/2016/11/palestra-270x230.jpg
49,Comunicado de Desligamento,31 de outubro de 2016,http://www.csa-ma.com.br/wp-content/uploads/2015/08/Comunicado-CSA-270x230.png
50,"Vírus Cripitolocker, Atenção aos e-mails recebidos!",20 de outubro de 2016,http://www.csa-ma.com.br/wp-content/uploads/2016/10/vírus1-270x230.png
51,NFC-e – Obrigatoriedade a partir de 2017,11 de outubro de 2016,http://www.csa-ma.com.br/wp-content/uploads/2016/10/nfc-e-270x230.png
52,eSOCIAL: Sistema disponibiliza ferramenta que permite ao empregador informar demissão,28 de setembro de 2016,http://www.csa-ma.com.br/wp-content/uploads/2016/09/E-social-2-270x230.png
53,O que é folha de pagamento digital e por que utilizá-la?,23 de setembro de 2016,http://www.csa-ma.com.br/wp-content/uploads/2016/09/folha-de-pagamento-digital-270x230.png
54,Confira prazos que podem facilitar as rotinas trabalhistas de uma empresa,16 de setembro de 2016,http://www.csa-ma.com.br/wp-content/uploads/2016/09/Prazos-empresas-270x230.png
55,COMUNICADO,12 de setembro de 2016,http://www.csa-ma.com.br/wp-content/uploads/2015/08/Comunicado-CSA-270x230.png
56,COMUNICADO,31 de agosto de 2016,http://www.csa-ma.com.br/wp-content/uploads/2015/08/Comunicado-CSA-270x230.png
57,10 motivos para adotar um ERP integrado,29 de agosto de 2016,http://www.csa-ma.com.br/wp-content/uploads/2016/08/ERP-270x230.jpg
58,eSocial terá prazo adiado,19 de agosto de 2016,http://www.csa-ma.com.br/wp-content/uploads/2016/08/e-social-270x230.png
59,VEM AÍ O MOMENTO WK 2016,17 de agosto de 2016,http://www.csa-ma.com.br/wp-content/uploads/2016/08/momento-wk-2016-270x230.png
60,Grupo Confederativo do eSocial discute novos prazos em reunião no CFC,22 de julho de 2016,http://www.csa-ma.com.br/wp-content/uploads/2016/07/note-270x230.png
61,10 razões para a pequena empresa adotar um sistema de gestão,4 de julho de 2016,http://www.csa-ma.com.br/wp-content/uploads/2016/07/erp-270x230.png
62,Cinco estratégias para criar uma equipe mais produtiva,21 de junho de 2016,http://www.csa-ma.com.br/wp-content/uploads/2016/06/produtividade-270x230.png
63,eSocial será prorrogado em aproximadamente um ano em relação ao cronograma atual!,3 de junho de 2016,http://www.csa-ma.com.br/wp-content/uploads/2016/06/E-social-2-270x230.png
64,Curso de Instalação da Solução de Gestão de Pessoas Sênior,1 de junho de 2016,http://www.csa-ma.com.br/wp-content/uploads/2016/06/Curso-Instalação-Site-270x230.png
65,Dicas sobre como empreender e ter sucesso na contabilidade,30 de maio de 2016,http://www.csa-ma.com.br/wp-content/uploads/2016/05/empreender-270x230.png
66,7 atitudes que fazem sua empresa naufragar,25 de maio de 2016,http://www.csa-ma.com.br/wp-content/uploads/2016/05/naufragar-um-negocio-270x230.png
67,Feliz Dia das Mães!,8 de maio de 2016,http://www.csa-ma.com.br/wp-content/uploads/2016/05/Dia-das-mães-2016-site-270x230.png
68,Como sua empresa armazena e gerencia importantes documentos?,29 de abril de 2016,http://www.csa-ma.com.br/wp-content/uploads/2016/04/GED-WK-270x230.png
69,FELIZ ANIVERSÁRIO CSA!,22 de abril de 2016,http://www.csa-ma.com.br/wp-content/uploads/2016/04/Aniversário-CSA-Site-270x230.png
70,Prazo de entrega da ECD não será postergado,19 de abril de 2016,http://www.csa-ma.com.br/wp-content/uploads/2016/04/SPED-270x230.png
71,Os 4 maiores desafios de 2016 para os contadores,18 de abril de 2016,http://www.csa-ma.com.br/wp-content/uploads/2016/04/desafio-contadores.-270x230.png
72,Os dedos-duros do IR que te fazem cair na malha fina,12 de abril de 2016,http://www.csa-ma.com.br/wp-content/uploads/2016/04/dedo-duro-IR-270x230.png
73,Líder bom ou líder bonzinho,28 de março de 2016,http://www.csa-ma.com.br/wp-content/uploads/2016/02/Líder-2-270x230.png
74,Por que a crise parece estar longe de acabar?,21 de março de 2016,http://www.csa-ma.com.br/wp-content/uploads/2016/02/Crise2-270x230.png
75,4 perguntas básicas para sua empresa ser mais inovadora,14 de março de 2016,http://www.csa-ma.com.br/wp-content/uploads/2016/02/Inovação-270x230.png
76,Por que as empresas precisam de empreendedores?,7 de março de 2016,http://www.csa-ma.com.br/wp-content/uploads/2016/02/empreendedorismo-270x230.png
77,"Programa do IR 2016 é liberado, veja as novidades deste ano",29 de fevereiro de 2016,http://www.csa-ma.com.br/wp-content/uploads/2016/02/IR-2016-270x230.png
78,Começa prazo para entrega obrigatória da Rais 2015 por empregadores,27 de janeiro de 2016,http://www.csa-ma.com.br/wp-content/uploads/2016/01/Rais-270x230.png
79,O tripé de um negócio campeão,22 de janeiro de 2016,http://www.csa-ma.com.br/wp-content/uploads/2016/01/negóci-campeão-270x230.png
80,Atenção para obrigatoriedade de utilização de Certificado Digital no CAGED,20 de janeiro de 2016,http://www.csa-ma.com.br/wp-content/uploads/2016/01/caged1-270x230.png
81,FELIZ NATAL!,24 de dezembro de 2015,http://www.csa-ma.com.br/wp-content/uploads/2015/12/site4-270x230.png
82,Comunicado!,18 de dezembro de 2015,http://www.csa-ma.com.br/wp-content/uploads/2015/08/Comunicado-CSA-270x230.png
83,Empreendedorismo em tempos de crise,9 de dezembro de 2015,http://www.csa-ma.com.br/wp-content/uploads/2015/12/empreendedorismo-na-crise-270x230.png
84,"Liderança humanizada, equipe respeitada",4 de dezembro de 2015,http://www.csa-ma.com.br/wp-content/uploads/2015/12/liderança1-270x230.png
85,Como os sistemas de gestão otimizam a operação do eSocial,2 de dezembro de 2015,http://www.csa-ma.com.br/wp-content/uploads/2015/11/e-social-270x230.png
86,A febre da virtualização de servidores,27 de novembro de 2015,http://www.csa-ma.com.br/wp-content/uploads/2015/11/servidor-virtual-270x230.png
87,Planejamento 2016: você já começou o seu?,10 de novembro de 2015,http://www.csa-ma.com.br/wp-content/uploads/2015/11/planejamento-2016-270x230.png
88,Você está por dentro do eSocial para seu Empregado Doméstico?,6 de novembro de 2015,http://www.csa-ma.com.br/wp-content/uploads/2015/11/e-social-domésticas-270x230.jpg
89,Engajamento e performance: entenda a relação,23 de outubro de 2015,http://www.csa-ma.com.br/wp-content/uploads/2015/10/engajamento-270x230.png
90,A fórmula de vendas para o sucesso em tempos de crise,14 de outubro de 2015,http://www.csa-ma.com.br/wp-content/uploads/2015/10/vendedor-270x230.png
91,Carteira de trabalho digital: como funciona e quais são as vantagens,13 de outubro de 2015,http://www.csa-ma.com.br/wp-content/uploads/2015/10/Carteira-de-trabalho-digital-270x230.jpg
92,"Ceder para crescer, perder para ganhar",9 de outubro de 2015,http://www.csa-ma.com.br/wp-content/uploads/2015/10/Xadrez-270x230.png
93,Empresas têm até 30 de setembro para enviar a ECF,29 de setembro de 2015,http://www.csa-ma.com.br/wp-content/uploads/2015/09/ecf-270x230.png
94,Liderança e pulso firme: sobre tomar decisões e sentir-se confortável no desconforto,28 de setembro de 2015,http://www.csa-ma.com.br/wp-content/uploads/2015/09/pulso-firme-270x230.png
95,“Culpa da crise”: a justificativa de alguns incompetentes,25 de setembro de 2015,http://www.csa-ma.com.br/wp-content/uploads/2015/09/crise-270x230.png
96,Qual é o estágio do seu negócio e que cuidados ele exige?,22 de setembro de 2015,http://www.csa-ma.com.br/wp-content/uploads/2015/09/Eságio-de-negócio-270x230.png
97,Bloco K deve evitar sonegação com detalhamento,21 de setembro de 2015,http://www.csa-ma.com.br/wp-content/uploads/2015/09/Bloco-K-270x230.png
98,Como a perda do grau de investimento afeta o seu bolso,18 de setembro de 2015,http://www.csa-ma.com.br/wp-content/uploads/2015/09/Bolso-270x230.png
99,Comunicado de Desligamento,9 de setembro de 2015,http://www.csa-ma.com.br/wp-content/uploads/2015/08/Comunicado-CSA-270x230.png
100,"Afinal, quais impostos uma pequena empresa deve pagar?",26 de agosto de 2015,http://www.csa-ma.com.br/wp-content/uploads/2015/08/imposto-270x230.jpg
101,Mais SPED em 2016: Será que o comércio precisa se preocupar?,25 de agosto de 2015,http://www.csa-ma.com.br/wp-content/uploads/2015/08/SPED-270x230.jpg
102,Você é um líder ou um chefe para a sua empresa?,14 de agosto de 2015,http://www.csa-ma.com.br/wp-content/uploads/2015/08/líder-270x230.png
103,Comunicado de Desligamento,10 de agosto de 2015,http://www.csa-ma.com.br/wp-content/uploads/2015/08/Comunicado-CSA-270x230.png
104,Conflito: ameaça ou oportunidade?,28 de julho de 2015,http://www.csa-ma.com.br/wp-content/uploads/2015/07/conflito-270x230.png
105,O ERP como aliado da gestão fiscal das pequenas empresas,24 de julho de 2015,http://www.csa-ma.com.br/wp-content/uploads/2015/07/erp-270x230.png
106,Evite o desperdício de recursos usando a computação em Nuvem,21 de julho de 2015,http://www.csa-ma.com.br/wp-content/uploads/2015/07/nuvem-270x230.jpg
107,Novo Simples promete reduzir abismos na tributação de empresas,20 de julho de 2015,http://www.csa-ma.com.br/wp-content/uploads/2015/07/Sem-título-12-270x230.jpg
108,Momento WK 2015,14 de julho de 2015,http://www.csa-ma.com.br/wp-content/uploads/2015/07/Sem-título-1-270x230.png
109,"O cliente no início, no fim e no meio",13 de julho de 2015,http://www.csa-ma.com.br/wp-content/uploads/2015/07/Sem-título-2-270x230.png
110,Programa de proteção ao emprego (PPE): O que é?,10 de julho de 2015,http://www.csa-ma.com.br/wp-content/uploads/2015/07/dúvida-270x230.png
111,10 novidades do mercado que você precisa saber,30 de junho de 2015,http://www.csa-ma.com.br/wp-content/uploads/2015/06/econômia-270x230.png
112,Cronograma eSocial Oficial,26 de junho de 2015,http://www.csa-ma.com.br/wp-content/uploads/2015/06/eSocial-banner-270x230.png
113,"Venda mais mix, fidelize e defenda sua base de clientes",23 de junho de 2015,http://www.csa-ma.com.br/wp-content/uploads/2015/06/mix-clientes-270x230.png
114,6 respostas para entender de vez o que mudou na previdência,22 de junho de 2015,http://www.csa-ma.com.br/wp-content/uploads/2015/06/previdência-270x230.jpg
115,5 dicas para usar a inovação como aliada na gestão da crise em pequenas empresas,19 de junho de 2015,http://www.csa-ma.com.br/wp-content/uploads/2015/06/ideia-270x230.png
116,Novo Supersimples deve beneficiar serviços que mais geram empregos,16 de junho de 2015,http://www.csa-ma.com.br/wp-content/uploads/2015/06/imp-renda-270x230.png
117,Porque o feedback é essencial para a gestão uma empresa?,15 de junho de 2015,http://www.csa-ma.com.br/wp-content/uploads/2015/06/feedback-270x230.png
118,Sua empresa está preparada para o “Bloco K” ?,12 de junho de 2015,http://www.csa-ma.com.br/wp-content/uploads/2015/06/2287-imagens-bloco-k_site-02-420x315-270x230.jpg
119,Regras Sorteio,9 de junho de 2015,http://www.csa-ma.com.br/wp-content/uploads/2015/06/Sem-título-1-270x230.png
